2019-01-21 23:41 ~ quotestarvideo ~ 10576754913,
2019-01-23 23:05 ~ casper_curves ~ 10565874231,
2019-01-23 23:06 ~ halethclothing ~ 10118711355,
2019-01-23 23:07 ~ php8legs ~ 1320752140,
2019-01-23 23:07 ~ justwathings ~ 10419748824,
2019-01-23 23:07 ~ webpuppies_sg ~ 4439936368,
2019-01-23 23:07 ~ designer_dresses011 ~ 6639794366,
2019-01-23 23:09 ~ rbxclusive_gadget ~ 3423771167,
2019-01-23 23:09 ~ inha.sna ~ 4798936413,
2019-01-23 23:13 ~ emilyxxie ~ 188475376,
2019-01-23 23:14 ~ wollohkresreb ~ 1536138630,
2019-01-23 23:14 ~ biancatimsa ~ 4962182666,
2019-01-23 23:17 ~ tom.flavour ~ 3035548043,
2019-01-23 23:19 ~ emvata ~ 4180594784,
2019-01-23 23:20 ~ techdroidworld ~ 6203244431,
2019-01-23 23:20 ~ techplusgadgets ~ 6245290397,
2019-01-25 20:38 ~ team_kangana_ranaut ~ False,
2019-01-25 20:50 ~ sotb_beatz ~ 7699218749,
2019-01-25 20:56 ~ hoytskate ~ 8056449370,
2019-01-25 21:02 ~ matzaballs.for.millennials ~ 10234432186,
2019-01-25 21:03 ~ appleinspot ~ 10437154147,
2019-01-25 21:04 ~ brendasarahixd ~ 4530462035,
2019-01-25 21:06 ~ lorianeuhardt ~ 2196222186,
2019-01-25 21:06 ~ team_nidhhi ~ 8335803654,
2019-01-25 21:06 ~ presedent44 ~ 10439154442,
2019-01-25 21:07 ~ bola_mundial ~ 10339862819,
2019-01-25 21:08 ~ bitsglobal ~ 3885195939,
2019-01-25 21:08 ~ coosmartshop ~ 10191682554,
2019-01-25 21:08 ~ artfulflitch ~ 647544882,
2019-01-25 21:09 ~ cloutt.spammmm ~ 6769185624,
2019-01-25 21:10 ~ realnameee ~ 371490259,
2019-01-25 21:11 ~ mrurbansports_llc ~ 23729703,
2019-01-25 21:11 ~ rjoventuresinc ~ 3906950898,
2019-01-25 21:12 ~ malibuboujee ~ 9023732540,
2019-01-25 21:13 ~ theparade_ ~ 9718670870,
2019-01-25 21:13 ~ catskatskets ~ 9284934350,
2019-01-25 21:16 ~ ruizj.daniel ~ 7295967015,
2019-01-25 21:16 ~ fimacf_india ~ 6981127149,
2019-01-25 21:17 ~ ipopdiaries ~ 1835244990,
2019-01-25 21:17 ~ onlinestoremc ~ 9247755209,
2019-01-25 21:18 ~ gujjar_zimidar ~ 6904527003,
2019-01-25 21:18 ~ thienanh_2000 ~ 5404448577,
2019-01-25 21:18 ~ wissenschaftlichenmemes ~ 10224772750,
2019-01-25 21:18 ~ yashsharma______ ~ 7605468817,
2019-01-25 21:20 ~ escritoscronicos ~ 9235225915,
2019-01-25 21:21 ~ apiantoagung ~ 1907955465,
2019-01-25 21:21 ~ channel_about_everything__ ~ 4798426770,
2019-01-25 21:21 ~ seangomesss ~ 305125593,
2019-01-25 21:22 ~ onlytenner ~ 5348324662,
2019-01-25 21:23 ~ libor.svoboda.14 ~ 7396549724,
2019-01-25 21:25 ~ khushsrex ~ 7705566949,
2019-01-25 21:26 ~ indias_cover_nation ~ 5381623367,
2019-01-25 21:27 ~ rahul_basod_official ~ 7650236361,
2019-01-25 21:27 ~ spt_hq ~ 1512874537,
2019-01-25 21:29 ~ desihiphopautopsy ~ 4035255001,
2019-01-25 21:29 ~ lagafy ~ 1734409649,
2019-01-25 21:30 ~ jigar_compubrain ~ 8486344559,
2019-01-25 21:30 ~ mon_2chou ~ 6825604529,
2019-01-25 21:31 ~ hdphotography89 ~ 10150474196,
2019-01-25 21:32 ~ voxtechnical ~ 8428226960,
2019-01-25 21:35 ~ razedclan ~ 10117330172,
2019-01-25 21:36 ~ proper_lan ~ 236251155,
2019-01-25 21:36 ~ travl.tv ~ 7575648826,
2019-01-25 21:37 ~ sarahmakuta ~ 4365284574,
2019-01-25 21:37 ~ avis.boone ~ 1619740321,
2019-01-25 21:38 ~ silentmodehq ~ 5509898400,
2019-01-25 21:40 ~ sd_abuzar_ ~ 7247555276,
2019-01-25 21:40 ~ nickolasv ~ 14953993,
2019-01-25 21:40 ~ lovebridge69 ~ 9672382283,
2019-01-25 21:40 ~ memes.brolo ~ 10573914067,
2019-01-25 21:42 ~ biigvault ~ 10190987534,
2019-01-25 21:42 ~ hinakhandailydoze ~ 7692540526,
2019-01-25 21:43 ~ selene.hzxql ~ 10586514401,
2019-01-25 21:43 ~ indian_super_beauty ~ 9792022720,
2019-01-25 22:16 ~ huobiglobalofficial ~ 6645780241,
2019-01-25 22:16 ~ iamzlatanibrahimovic ~ 637874562,
2019-01-25 22:16 ~ ronaldinho ~ 979177642,
2019-01-25 22:16 ~ umangaggarwal_official ~ 5476513767,
2019-01-25 22:16 ~ terrimarienonstop ~ 642290372,
2019-01-25 22:16 ~ mochahelp ~ 8519582132,
2019-01-25 22:17 ~ cinema_heartbeat ~ 7200375198,
2019-01-25 22:17 ~ niyatij ~ 1418207868,
2019-01-25 22:17 ~ memercism ~ 7704575561,
2019-01-25 22:17 ~ beaulah.xfvk2 ~ unknown,
2019-01-25 22:17 ~ atrailof_glitter ~ 6937930548,
2019-01-25 22:19 ~ texaspatti ~ 1277828275,
2019-01-25 22:19 ~ perchist ~ 7933506267,
2019-01-25 22:19 ~ kyliejenner ~ 12281817,
2019-01-25 22:19 ~ beta.0 ~ 6327814897,
2019-01-25 22:19 ~ brendonk ~ 11250253,
2019-01-25 22:20 ~ neonband.store ~ 9272667075,
2019-01-25 22:20 ~ geetabenrabariofficial ~ 3179617339,
2019-01-25 22:20 ~ justwathings ~ 10419748824,
2019-01-25 22:20 ~ chromecowboy100 ~ 177687526,
2019-01-25 22:20 ~ ritikbaisoya1 ~ 2096900031,
2019-01-25 22:20 ~ techyradar ~ 6348003070,
2019-01-25 22:21 ~ php8legs ~ 1320752140,
2019-01-25 22:21 ~ lanaommi ~ 805183023,
2019-01-25 22:21 ~ oaxiis ~ 462011245,
2019-01-25 22:21 ~ ramu_banna_ ~ 6867269844,
2019-01-25 22:21 ~ u_n_ji_ ~ 7745436432,
2019-01-25 22:22 ~ katyperry ~ 407964088,
2019-01-25 22:22 ~ sup3r_xkarvill ~ 1553815490,
2019-01-25 22:22 ~ artesettima ~ 2943819253,
2019-01-25 22:23 ~ adventures_photograph ~ 2286778905,
2019-01-25 22:23 ~ dululu_la ~ 1385575240,
2019-01-25 22:23 ~ raghbirtung ~ 37728207,
2019-01-25 22:23 ~ seangomesss ~ 305125593,
2019-01-25 22:29 ~ obatambeien_manjurr ~ 8537815735,
2019-01-25 22:29 ~ markamatthews ~ 10741800,
2019-01-25 22:29 ~ jeffrey.shore ~ 4138347038,
2019-01-25 22:29 ~ unsettled.mortar ~ 1916411037,
2019-01-25 22:29 ~ kaoticmatt ~ 2319582900,
2019-01-25 22:29 ~ team_kangana_ranaut ~ 2997002046,
2019-01-25 22:30 ~ bollywave ~ 5605584710,
2019-01-25 22:30 ~ not.really.a.poet ~ 7162768409,
2019-01-25 22:30 ~ skylighttech ~ 1534692777,
2019-01-25 22:31 ~ emilyxxie ~ 188475376,
2019-01-25 22:31 ~ onlytenner ~ 5348324662,
2019-01-25 22:32 ~ salmanjacquelinefanclub2 ~ 4686638573,
2019-01-25 22:32 ~ paranoidvisions ~ 1979339331,
2019-01-25 22:32 ~ thetwistedbeast ~ 9128592731,
2019-01-25 22:32 ~ officialdushyantsharma ~ 7313058690,
2019-01-25 22:32 ~ ektukrobhalobasa ~ 4706891959,
2019-01-25 22:32 ~ drewtkai ~ 9390264553,
2019-01-25 22:32 ~ techmariah ~ 4722847961,
2019-01-25 22:33 ~ thedesimorons ~ 7225686309,
2019-01-25 22:33 ~ lingvely._.2 ~ 4989629336,
2019-01-25 22:35 ~ casper_curves ~ 10565874231,
2019-01-25 22:35 ~ emvata ~ 4180594784,
2019-01-25 22:36 ~ kritikasharmaofficial_ ~ 1191981613,
2019-01-25 22:36 ~ biancatimsa ~ 4962182666,
2019-01-25 22:36 ~ ziggyzigziggy ~ 9705846020,
2019-01-25 22:37 ~ feat_ritik_sinha ~ 9057438123,
2019-01-25 22:37 ~ daph_chzc ~ 5415048997,
2019-01-25 22:37 ~ beautybyz ~ 223241855,
2019-01-25 22:40 ~ aliaabhatt ~ 259925762,
2019-01-25 22:40 ~ ddlovato ~ 189393625,
2019-01-25 22:40 ~ shreyaarora24 ~ 510452497,
2019-01-25 22:40 ~ hinakhandailydoze ~ 7692540526,
2019-01-25 22:40 ~ multi._.edits._ ~ 10094373072,
2019-01-25 22:41 ~ belgaum_kings_queens ~ 10115089678,
2019-01-25 22:41 ~ she_aint_for_everybody ~ 9681394809,
2019-01-25 22:41 ~ appleinspot ~ 10437154147,
2019-01-25 22:41 ~ insta_punyalanz ~ 8505902432,
2019-01-25 22:42 ~ brendasarahixd ~ 4530462035,
2019-01-25 22:43 ~ techplusgadgets ~ 6245290397,
2019-01-25 22:43 ~ halethclothing ~ 10118711355,
2019-01-25 22:44 ~ jshwuaaa ~ 4066207015,
2019-01-25 22:44 ~ _callmenhii ~ 2200555164,
2019-01-25 22:44 ~ bitsglobal ~ 3885195939,
2019-01-25 22:44 ~ guidogoodguy ~ 8356031867,
2019-01-25 22:45 ~ designer_dresses011 ~ 6639794366,
2019-01-25 22:45 ~ pulsemedia_ ~ 8511687808,
2019-01-25 22:47 ~ zulfanr18 ~ 8512843323,
2019-01-25 22:47 ~ shobhitbanwait ~ 853042,
2019-01-25 22:47 ~ rjoventuresinc ~ 3906950898,
2019-01-25 22:48 ~ malibuboujee ~ 9023732540,
2019-01-25 22:48 ~ theparade_ ~ 9718670870,
2019-01-25 22:48 ~ hoytskate ~ 8056449370,
2019-01-25 22:48 ~ _.gabii_ ~ 1619782747,
2019-01-25 22:48 ~ emmawatson ~ 1418652011,
2019-01-25 22:49 ~ ipopdiaries ~ 1835244990,
2019-01-25 22:49 ~ onlinestoremc ~ 9247755209,
2019-01-25 22:49 ~ kevin_jossef ~ 3259257908,
2019-01-25 22:49 ~ jazminferrariwooster ~ 2274530046,
2019-01-25 22:49 ~ wissenschaftlichenmemes ~ 10224772750,
2019-01-25 22:49 ~ bikiniactress ~ 5817671968,
2019-01-25 22:50 ~ lollywoodfilmindustry ~ 6812683301,
2019-01-25 22:50 ~ apiantoagung ~ 1907955465,
2019-01-25 22:53 ~ tigershroffonline ~ 5146439726,
2019-01-25 22:54 ~ akshaykumar ~ 907025384,
2019-01-25 22:54 ~ hrithikroshan ~ 414113135,
2019-01-25 22:54 ~ tyladiggz ~ 2097002084,
2019-01-25 22:55 ~ gktjrcprh ~ 3642729753,
2019-01-25 22:55 ~ sebastian_thalles ~ 3642162210,
2019-01-25 22:55 ~ shehriyalrajput_official ~ 1599247526,
2019-01-25 22:55 ~ khushsrex ~ 7705566949,
2019-01-25 22:55 ~ indias_cover_nation ~ 5381623367,
2019-01-25 22:55 ~ by_vural007 ~ 3881560467,
2019-01-25 22:56 ~ rahul_basod_official ~ 7650236361,
2019-01-25 22:56 ~ spt_hq ~ 1512874537,
2019-01-25 22:57 ~ stop_cafe_baku ~ 9172948310,
2019-01-25 22:57 ~ lagafy ~ 1734409649,
2019-01-25 22:57 ~ jigar_compubrain ~ 8486344559,
2019-01-25 22:58 ~ mon_2chou ~ 6825604529,
2019-01-25 22:58 ~ glowglow.skin ~ 5791149664,
2019-01-25 22:58 ~ reebok_mania ~ 1565377518,
2019-01-25 22:58 ~ nike ~ 13460080,
2019-01-25 22:58 ~ gourmet_mantra_ ~ 458892119,
2019-01-25 22:59 ~ fimacf_india ~ 6981127149,
2019-01-25 22:59 ~ deepikapadukone ~ 572299277,
2019-01-25 22:59 ~ malhar028 ~ 2117301818,
2019-01-25 22:59 ~ _kimberlly_xo ~ 497435955,
2019-01-25 23:00 ~ razedclan ~ 10117330172,
2019-01-25 23:00 ~ ajay_devgn_king ~ 7878384392,
2019-01-25 23:00 ~ travl.tv ~ 7575648826,
2019-01-25 23:01 ~ awesomequotes_hub ~ 6884238973,
2019-01-25 23:01 ~ sushantsinghrajput_fan_forever ~ 4314193684,
2019-01-25 23:01 ~ kartikaaryan ~ 456689389,
2019-01-25 23:01 ~ mayanisim ~ 8045546,
2019-01-25 23:02 ~ lovebridge69 ~ 9672382283,
2019-01-25 23:02 ~ memes.brolo ~ 10573914067,
2019-01-25 23:02 ~ biigvault ~ 10190987534,
2019-01-25 23:03 ~ kanikalovekapoor ~ 7167635710,
2019-01-25 23:03 ~ selene.hzxql ~ 10586514401,
2019-01-25 23:03 ~ fcbarcelona ~ 260375673,
2019-01-25 23:03 ~ justinbieber ~ 6860189,
2019-01-25 23:04 ~ jrobare ~ 14859649,
2019-01-25 23:04 ~ adi._____neekhra ~ 3655066449,
2019-01-25 23:04 ~ memebazarr ~ 7205066899,
2019-01-25 23:04 ~ memestrength ~ 8203149667,
2019-01-25 23:05 ~ kmphotoz85 ~ 9768653021,
2019-01-25 23:05 ~ sylvester.stallone46 ~ 9305156525,
2019-01-25 23:05 ~ voxtechnical ~ 8428226960,
2019-01-25 23:05 ~ gabbyruiz2000 ~ 6036926521,
2019-01-25 23:05 ~ lpf12sl ~ 9755444912,
2019-01-25 23:05 ~ hukkalover_hr02 ~ 10597305964,
2019-01-25 23:05 ~ 1_universe_ ~ 8656409776,
2019-01-25 23:05 ~ singh_priya11 ~ 4058417426,
2019-01-25 23:06 ~ jewelryplug305 ~ 3959475864,
2019-01-25 23:06 ~ _cute_ara_eu ~ 9159339850,
2019-01-25 23:07 ~ nickiminaj ~ 451573056,
2019-02-06 05:44 ~ dishapatani ~ False,
2019-02-06 05:44 ~ katrinakaif ~ False,
2019-02-06 05:45 ~ kritisanon ~ False,
2019-02-06 05:45 ~ aslisona ~ False,
2019-02-06 06:14 ~ ranveersingh ~ False,
2019-02-06 06:14 ~ hrithikroshan ~ False,
2019-02-06 06:14 ~ dishapatani ~ False,
2019-02-06 06:14 ~ katrinakaif ~ False,
2019-02-06 06:14 ~ kritisanon ~ False,
2019-02-06 06:15 ~ aslisona ~ False,
2019-02-06 06:41 ~ ranveersingh ~ False,
2019-02-06 06:41 ~ hrithikroshan ~ False,
2019-02-06 06:41 ~ dishapatani ~ False,
2019-02-06 06:42 ~ katrinakaif ~ False,
2019-02-06 06:42 ~ kritisanon ~ False,
2019-02-06 06:42 ~ aslisona ~ False,
2019-02-06 07:10 ~ ranveersingh ~ False,
2019-02-06 07:10 ~ hrithikroshan ~ False,
2019-02-06 07:11 ~ dishapatani ~ False,
2019-02-06 07:11 ~ katrinakaif ~ False,
2019-02-06 07:11 ~ kritisanon ~ False,
2019-02-06 07:11 ~ aslisona ~ False,
2019-02-06 07:39 ~ ranveersingh ~ False,
2019-02-06 07:39 ~ hrithikroshan ~ False,
2019-02-06 07:39 ~ dishapatani ~ False,
2019-02-06 07:39 ~ katrinakaif ~ False,
2019-02-06 09:08 ~ mipalkarofficial ~ False,
2019-02-06 09:08 ~ sumeetvyas ~ False,
2019-02-06 09:08 ~ maanvigagroo ~ False,
2019-02-06 09:08 ~ tvfqtiyapa ~ False,
2019-02-09 14:20 ~ the.realshit.gyan ~ False,
2019-02-09 14:22 ~ the.realshit.gyan ~ False,
2019-02-09 14:24 ~ the.realshit.gyan ~ False,
2019-02-09 20:45 ~ the.realshit.gyan ~ False,
2019-02-09 20:47 ~ the.realshit.gyan ~ False,
2019-02-09 20:49 ~ the.realshit.gyan ~ False,
2019-02-10 08:28 ~ aliaabhatt ~ 259925762,
2019-02-10 08:28 ~ shraddhakapoor ~ 296102572,
2019-02-20 08:52 ~ priya.p.varrier ~ False,
2019-02-23 11:25 ~ sidmalhotra ~ False,
2019-03-06 09:06 ~ virat.kohli ~ False,
