2019-01-17 08:07 ~ badgirlriri ~ False,
2019-01-17 08:07 ~ cristiano ~ False,
2019-01-17 08:07 ~ selenagomez ~ False,
2019-01-17 08:07 ~ therock ~ False,
2019-01-17 08:07 ~ natgeo ~ False,
2019-01-17 08:08 ~ selenagomez ~ False,
2019-01-17 08:08 ~ badgirlriri ~ False,
2019-01-17 08:08 ~ natgeo ~ False,
2019-01-17 08:08 ~ cristiano ~ False,
2019-01-17 08:08 ~ therock ~ False,
2019-01-17 08:09 ~ cristiano ~ False,
2019-01-17 08:09 ~ therock ~ False,
2019-01-17 08:09 ~ selenagomez ~ False,
2019-01-17 08:09 ~ badgirlriri ~ False,
2019-01-17 08:09 ~ natgeo ~ False,
2019-01-17 08:10 ~ selenagomez ~ False,
