priya.p.varrier,
anushkashettyofficial,
tamannaahspeaks,
kajalaggarwalofficial,
shrutzhaasan,
aslisona,
priya.p.varrier,
anushkashettyofficial,
tamannaahspeaks,
kajalaggarwalofficial,
shrutzhaasan,
aslisona,
priya.p.varrier,
anushkashettyofficial,
tamannaahspeaks,
kajalaggarwalofficial,
shrutzhaasan,
aslisona,
priya.p.varrier,
anushkashettyofficial,
tamannaahspeaks,
kajalaggarwalofficial,
shrutzhaasan,
aslisona,
priya.p.varrier,
anushkashettyofficial,
tamannaahspeaks,
kajalaggarwalofficial,
shrutzhaasan,
aslisona,
priya.p.varrier,
anushkashettyofficial,
tamannaahspeaks,
kajalaggarwalofficial,
shrutzhaasan,
aslisona,
priya.p.varrier,
anushkashettyofficial,
tamannaahspeaks,
kajalaggarwalofficial,
shrutzhaasan,
aslisona,
priya.p.varrier,
anushkashettyofficial,
tamannaahspeaks,
kajalaggarwalofficial,
shrutzhaasan,
aslisona,
priya.p.varrier,
anushkashettyofficial,
tamannaahspeaks,
kajalaggarwalofficial,
shrutzhaasan,
aslisona,
priya.p.varrier,
anushkashettyofficial,
tamannaahspeaks,
kajalaggarwalofficial,
shrutzhaasan,
aslisona,
priya.p.varrier,
anushkashettyofficial,
tamannaahspeaks,
kajalaggarwalofficial,
shrutzhaasan,
aslisona,
priya.p.varrier,
anushkashettyofficial,
tamannaahspeaks,
kajalaggarwalofficial,
shrutzhaasan,
aslisona,
priya.p.varrier,
anushkashettyofficial,
tamannaahspeaks,
kajalaggarwalofficial,
shrutzhaasan,
aslisona,
priya.p.varrier,
anushkashettyofficial,
tamannaahspeaks,
kajalaggarwalofficial,
shrutzhaasan,
aslisona,
priya.p.varrier,
anushkashettyofficial,
tamannaahspeaks,
kajalaggarwalofficial,
shrutzhaasan,
aslisona,
priya.p.varrier,
anushkashettyofficial,
tamannaahspeaks,
kajalaggarwalofficial,
shrutzhaasan,
aslisona,
priya.p.varrier,
anushkashettyofficial,
tamannaahspeaks,
kajalaggarwalofficial,
shrutzhaasan,
aslisona,
priya.p.varrier,
anushkashettyofficial,
tamannaahspeaks,
kajalaggarwalofficial,
shrutzhaasan,
aslisona,
priya.p.varrier,
anushkashettyofficial,
tamannaahspeaks,
kajalaggarwalofficial,
shrutzhaasan,
aslisona,
priya.p.varrier,
anushkashettyofficial,
tamannaahspeaks,
kajalaggarwalofficial,
shrutzhaasan,
aslisona,
priya.p.varrier,
anushkashettyofficial,
tamannaahspeaks,
kajalaggarwalofficial,
shrutzhaasan,
aslisona,
priya.p.varrier,
anushkashettyofficial,
tamannaahspeaks,
kajalaggarwalofficial,
shrutzhaasan,
aslisona,
priya.p.varrier,
anushkashettyofficial,
tamannaahspeaks,
kajalaggarwalofficial,
shrutzhaasan,
aslisona,
priya.p.varrier,
anushkashettyofficial,
tamannaahspeaks,
kajalaggarwalofficial,
shrutzhaasan,
aslisona,
priya.p.varrier,
anushkashettyofficial,
tamannaahspeaks,
kajalaggarwalofficial,
shrutzhaasan,
aslisona,
priya.p.varrier,
anushkashettyofficial,
tamannaahspeaks,
kajalaggarwalofficial,
shrutzhaasan,
aslisona,
priya.p.varrier,
anushkashettyofficial,
