2019-02-03 17:23 ~ aslisona ~ 1097866395,
2019-02-03 17:25 ~ priya.p.varrier ~ 3999276825,
2019-02-03 17:26 ~ anushkashettyofficial ~ 1805925910,
2019-02-03 17:26 ~ tamannaahspeaks ~ 1060870984,
2019-02-03 17:26 ~ kajalaggarwalofficial ~ 225005982,
2019-02-03 17:26 ~ shrutzhaasan ~ 490297128,
2019-02-03 17:26 ~ aslisona ~ 1097866395,
2019-02-03 17:29 ~ priya.p.varrier ~ 3999276825,
2019-02-03 17:29 ~ anushkashettyofficial ~ 1805925910,
2019-02-03 17:29 ~ tamannaahspeaks ~ 1060870984,
2019-02-03 17:29 ~ kajalaggarwalofficial ~ 225005982,
2019-02-03 17:30 ~ shrutzhaasan ~ 490297128,
2019-02-03 17:30 ~ aslisona ~ 1097866395,
2019-02-03 17:32 ~ priya.p.varrier ~ 3999276825,
2019-02-03 17:32 ~ anushkashettyofficial ~ 1805925910,
2019-02-03 17:33 ~ tamannaahspeaks ~ 1060870984,
2019-02-03 17:36 ~ anushkashettyofficial ~ 1805925910,
2019-02-03 17:36 ~ shrutzhaasan ~ 490297128,
2019-02-03 17:36 ~ aslisona ~ 1097866395,
2019-02-03 17:39 ~ priya.p.varrier ~ 3999276825,
2019-02-03 17:39 ~ anushkashettyofficial ~ 1805925910,
2019-02-03 17:39 ~ tamannaahspeaks ~ 1060870984,
2019-02-03 17:39 ~ kajalaggarwalofficial ~ 225005982,
2019-02-03 17:40 ~ shrutzhaasan ~ 490297128,
2019-02-03 17:40 ~ aslisona ~ 1097866395,
2019-02-03 17:42 ~ priya.p.varrier ~ 3999276825,
2019-02-03 17:43 ~ anushkashettyofficial ~ 1805925910,
2019-02-03 17:43 ~ tamannaahspeaks ~ 1060870984,
2019-02-03 17:43 ~ kajalaggarwalofficial ~ 225005982,
2019-02-03 17:43 ~ shrutzhaasan ~ 490297128,
2019-02-03 17:43 ~ aslisona ~ 1097866395,
2019-02-03 17:46 ~ kajalaggarwalofficial ~ 225005982,
2019-02-03 17:49 ~ priya.p.varrier ~ 3999276825,
2019-02-03 17:49 ~ anushkashettyofficial ~ 1805925910,
2019-02-03 17:49 ~ kajalaggarwalofficial ~ 225005982,
2019-02-03 17:50 ~ shrutzhaasan ~ 490297128,
2019-02-03 17:50 ~ aslisona ~ 1097866395,
2019-02-03 17:52 ~ priya.p.varrier ~ 3999276825,
2019-02-03 17:53 ~ anushkashettyofficial ~ 1805925910,
2019-02-03 17:53 ~ tamannaahspeaks ~ 1060870984,
2019-02-03 17:53 ~ kajalaggarwalofficial ~ 225005982,
2019-02-03 17:53 ~ shrutzhaasan ~ 490297128,
2019-02-03 17:53 ~ aslisona ~ 1097866395,
2019-02-03 17:56 ~ priya.p.varrier ~ 3999276825,
2019-02-03 17:56 ~ anushkashettyofficial ~ 1805925910,
2019-02-03 17:56 ~ tamannaahspeaks ~ 1060870984,
2019-02-03 17:57 ~ aslisona ~ 1097866395,
2019-02-03 17:59 ~ tamannaahspeaks ~ 1060870984,
2019-02-03 18:00 ~ kajalaggarwalofficial ~ 225005982,
2019-02-03 18:00 ~ aslisona ~ 1097866395,
2019-02-03 18:02 ~ priya.p.varrier ~ 3999276825,
2019-02-03 18:03 ~ anushkashettyofficial ~ 1805925910,
2019-02-03 18:03 ~ tamannaahspeaks ~ 1060870984,
2019-02-03 18:03 ~ shrutzhaasan ~ 490297128,
2019-02-03 18:03 ~ aslisona ~ 1097866395,
2019-02-03 18:06 ~ priya.p.varrier ~ 3999276825,
2019-02-03 18:06 ~ anushkashettyofficial ~ 1805925910,
2019-02-03 18:06 ~ tamannaahspeaks ~ 1060870984,
2019-02-03 18:06 ~ kajalaggarwalofficial ~ 225005982,
2019-02-03 18:06 ~ shrutzhaasan ~ 490297128,
2019-02-03 18:07 ~ aslisona ~ 1097866395,
2019-02-03 18:09 ~ priya.p.varrier ~ 3999276825,
2019-02-03 18:10 ~ aslisona ~ 1097866395,
2019-02-03 18:12 ~ priya.p.varrier ~ 3999276825,
2019-02-03 18:13 ~ anushkashettyofficial ~ 1805925910,
2019-02-03 18:13 ~ tamannaahspeaks ~ 1060870984,
2019-02-03 18:13 ~ shrutzhaasan ~ 490297128,
2019-02-03 18:13 ~ aslisona ~ 1097866395,
2019-02-03 18:16 ~ priya.p.varrier ~ 3999276825,
2019-02-03 18:16 ~ anushkashettyofficial ~ 1805925910,
2019-02-03 18:16 ~ kajalaggarwalofficial ~ 225005982,
2019-02-03 18:17 ~ shrutzhaasan ~ 490297128,
2019-02-03 18:17 ~ aslisona ~ 1097866395,
2019-02-03 18:19 ~ priya.p.varrier ~ 3999276825,
2019-02-03 18:19 ~ anushkashettyofficial ~ 1805925910,
2019-02-03 18:20 ~ tamannaahspeaks ~ 1060870984,
2019-02-03 18:20 ~ kajalaggarwalofficial ~ 225005982,
2019-02-03 18:23 ~ priya.p.varrier ~ 3999276825,
2019-02-03 18:23 ~ anushkashettyofficial ~ 1805925910,
2019-02-03 18:23 ~ kajalaggarwalofficial ~ 225005982,
2019-02-03 18:23 ~ shrutzhaasan ~ 490297128,
2019-02-03 18:26 ~ priya.p.varrier ~ 3999276825,
2019-02-03 18:26 ~ anushkashettyofficial ~ 1805925910,
2019-02-03 18:26 ~ kajalaggarwalofficial ~ 225005982,
2019-02-03 18:27 ~ shrutzhaasan ~ 490297128,
2019-02-03 18:29 ~ priya.p.varrier ~ 3999276825,
2019-02-03 18:29 ~ anushkashettyofficial ~ 1805925910,
2019-02-03 18:29 ~ tamannaahspeaks ~ 1060870984,
2019-02-03 18:30 ~ kajalaggarwalofficial ~ 225005982,
2019-02-03 18:30 ~ shrutzhaasan ~ 490297128,
2019-02-03 18:30 ~ aslisona ~ 1097866395,
2019-02-03 18:32 ~ priya.p.varrier ~ 3999276825,
2019-02-03 18:33 ~ anushkashettyofficial ~ 1805925910,
2019-02-03 18:33 ~ kajalaggarwalofficial ~ 225005982,
2019-02-03 18:36 ~ priya.p.varrier ~ 3999276825,
2019-02-03 18:36 ~ anushkashettyofficial ~ 1805925910,
2019-02-03 18:36 ~ kajalaggarwalofficial ~ 225005982,
2019-02-03 18:36 ~ shrutzhaasan ~ 490297128,
2019-02-03 18:39 ~ priya.p.varrier ~ 3999276825,
2019-02-03 18:39 ~ anushkashettyofficial ~ 1805925910,
2019-02-03 18:40 ~ tamannaahspeaks ~ 1060870984,
2019-02-03 18:40 ~ kajalaggarwalofficial ~ 225005982,
2019-02-03 18:40 ~ aslisona ~ 1097866395,
2019-02-03 18:42 ~ priya.p.varrier ~ 3999276825,
2019-02-03 18:43 ~ anushkashettyofficial ~ 1805925910,
2019-02-03 18:43 ~ tamannaahspeaks ~ 1060870984,
2019-02-03 18:43 ~ kajalaggarwalofficial ~ 225005982,
2019-02-03 18:43 ~ shrutzhaasan ~ 490297128,
2019-02-03 18:46 ~ priya.p.varrier ~ 3999276825,
2019-02-03 18:46 ~ kajalaggarwalofficial ~ 225005982,
2019-02-03 18:46 ~ shrutzhaasan ~ 490297128,
2019-02-03 18:49 ~ priya.p.varrier ~ 3999276825,
2019-02-03 18:49 ~ anushkashettyofficial ~ 1805925910,
2019-02-03 18:49 ~ tamannaahspeaks ~ 1060870984,
2019-02-03 18:50 ~ kajalaggarwalofficial ~ 225005982,
2019-02-03 18:50 ~ aslisona ~ 1097866395,
